{"cameraMode":{"drawMode":0,"name":"Shaded","section":"Shading Mode"},"sceneLighting":true,"audioPlay":false,"sceneViewState":{"m_AlwaysRefresh":false,"showFog":true,"showSkybox":true,"showFlares":true,"showImageEffects":true,"showParticleSystems":true,"showVisualEffectGraphs":true,"m_FxEnabled":true},"in2DMode":false,"pivot":{"x":19.846282958984376,"y":-3.8475265502929689,"z":24.6627254486084},"rotation":{"x":0.3861948847770691,"y":0.040107619017362598,"z":-0.016806701198220254,"w":0.9213946461677551},"size":22.12741470336914,"orthographic":false}